-- --------------------------------------------------------
-- Host:                         127.0.0.1
-- Server version:               10.2.11-MariaDB - mariadb.org binary distribution
-- Server OS:                    Win64
-- HeidiSQL Version:             9.4.0.5125
-- --------------------------------------------------------

/*!40101 SET @OLD_CHARACTER_SET_CLIENT=@@CHARACTER_SET_CLIENT */;
/*!40101 SET NAMES utf8 */;
/*!50503 SET NAMES utf8mb4 */;
/*!40014 SET @OLD_FOREIGN_KEY_CHECKS=@@FOREIGN_KEY_CHECKS, FOREIGN_KEY_CHECKS=0 */;
/*!40101 SET @OLD_SQL_MODE=@@SQL_MODE, SQL_MODE='NO_AUTO_VALUE_ON_ZERO' */;


-- Dumping database structure for demo-spring-boot
CREATE DATABASE IF NOT EXISTS `demo-spring-boot` /*!40100 DEFAULT CHARACTER SET utf8 */;
USE `demo-spring-boot`;

-- Dumping structure for table demo-spring-boot.customer
CREATE TABLE IF NOT EXISTS `customer` (
  `id` bigint(20) NOT NULL AUTO_INCREMENT,
  `name` varchar(100) DEFAULT NULL,
  `contact_no` varchar(20) DEFAULT NULL,
  `email_id` varchar(100) NOT NULL,
  `password` varchar(128) NOT NULL,
  `active` tinyint(1) NOT NULL DEFAULT 1,
  `password_token` char(36) DEFAULT NULL,
  PRIMARY KEY (`id`),
  UNIQUE KEY `email_id` (`email_id`)
) ENGINE=InnoDB AUTO_INCREMENT=9 DEFAULT CHARSET=utf8;

-- Dumping data for table demo-spring-boot.customer: ~5 rows (approximately)
/*!40000 ALTER TABLE `customer` DISABLE KEYS */;
INSERT INTO `customer` (`id`, `name`, `contact_no`, `email_id`, `password`, `active`, `password_token`) VALUES
	(1, 'Shagar Upadhyay', '9851136126', 'shagar.upadhyay@hotmail.com', '$2a$12$HRtmkpQVwajPeUQ6ntN0POprLaI21niAVKpzwa1V7JT6Jf6wPAV6q', 1, NULL),
	(4, 'Ramesh Shakya', '9803130180', 'ramesh.shakya@nepal.com', '$2a$12$q34eNP8yMBXGbDPzjXOl1ebJ88JBA7wTugeM.b.W.pv5/SpqPMUvi', 1, NULL),
	(5, 'Ashish Subedi', '9841223344', 'ashishsubedi@gmail.com', '$2a$12$P.KKuX1sIu//fFCsh34PHOIO0TnasvdzK4t2mUfYjK56qmRS4FJB.', 1, NULL),
	(6, 'Shagar Upadhyay', '9851136126', 'shagar.upadhyay@yco.com.np', '$2a$12$mcFeRdkdfKhewCCQbyOv..oT/93xQZnF/apzvlaWJ9xdMkntgDkXG', 1, NULL),
	(8, 'Shagar Upadhyay', '9851136126', 'shagar.upadhyay@gmail.com', '$2a$12$lWs9kwGRZHCQqXYiGOcvoei89rzpKRPJAvj0/V.7mb1KpNQqm3t8G', 1, NULL);
/*!40000 ALTER TABLE `customer` ENABLE KEYS */;

-- Dumping structure for table demo-spring-boot.customer_address
CREATE TABLE IF NOT EXISTS `customer_address` (
  `id` bigint(20) NOT NULL AUTO_INCREMENT,
  `address_type` enum('BILLING','SHIPPING') DEFAULT NULL,
  `state_id` bigint(20) DEFAULT NULL,
  `municipality_id` bigint(20) DEFAULT NULL,
  `ward_no` tinyint(4) DEFAULT NULL,
  `street_name` varchar(100) DEFAULT NULL,
  `customer_id` bigint(20) DEFAULT NULL,
  PRIMARY KEY (`id`),
  KEY `fk_customer_address_customer_id` (`customer_id`),
  CONSTRAINT `fk_customer_address_customer_id` FOREIGN KEY (`customer_id`) REFERENCES `customer` (`id`)
) ENGINE=InnoDB AUTO_INCREMENT=24 DEFAULT CHARSET=utf8;

-- Dumping data for table demo-spring-boot.customer_address: ~10 rows (approximately)
/*!40000 ALTER TABLE `customer_address` DISABLE KEYS */;
INSERT INTO `customer_address` (`id`, `address_type`, `state_id`, `municipality_id`, `ward_no`, `street_name`, `customer_id`) VALUES
	(4, 'BILLING', 1, 66, 6, 'State 1 -> Aamchowk -> 6', 4),
	(5, 'SHIPPING', 3, 371, 7, 'State 3 -> Bakaiya -> 7', 4),
	(6, 'BILLING', 3, 282, 4, 'Balaju', 5),
	(7, 'SHIPPING', 3, 277, 4, 'Khadel Tar', 5),
	(16, 'BILLING', 1, 97, 9, '1 -> Barah -> 9', 1),
	(17, 'SHIPPING', 4, 432, 12, '4 -> Baglung -> 12', 1),
	(18, 'BILLING', 3, 282, 14, 'New Baneshwor', 6),
	(19, 'SHIPPING', 3, 348, 10, 'Manbhawan', 6),
	(22, 'BILLING', 1, 63, 3, '1 Arun 3', 8),
	(23, 'SHIPPING', 6, 655, 7, '6 Barekot 7', 8);
/*!40000 ALTER TABLE `customer_address` ENABLE KEYS */;

-- Dumping structure for table demo-spring-boot.customer_order
CREATE TABLE IF NOT EXISTS `customer_order` (
  `id` bigint(20) NOT NULL AUTO_INCREMENT,
  `customer_id` bigint(20) DEFAULT NULL,
  `order_price` decimal(10,2) DEFAULT NULL,
  `order_date` datetime DEFAULT NULL,
  `delivery_date` datetime DEFAULT NULL,
  `order_status` enum('PROCESSED','COMPLETED') DEFAULT NULL,
  PRIMARY KEY (`id`),
  KEY `fk_order_customer_id` (`customer_id`),
  CONSTRAINT `fk_order_customer_id` FOREIGN KEY (`customer_id`) REFERENCES `customer` (`id`)
) ENGINE=InnoDB AUTO_INCREMENT=10 DEFAULT CHARSET=utf8;

-- Dumping data for table demo-spring-boot.customer_order: ~2 rows (approximately)
/*!40000 ALTER TABLE `customer_order` DISABLE KEYS */;
INSERT INTO `customer_order` (`id`, `customer_id`, `order_price`, `order_date`, `delivery_date`, `order_status`) VALUES
	(8, 1, 202500.00, '2018-02-21 00:45:44', '2018-02-26 00:45:44', 'PROCESSED'),
	(9, 1, 202500.00, '2018-02-10 00:45:44', '2018-02-15 00:45:44', 'COMPLETED');
/*!40000 ALTER TABLE `customer_order` ENABLE KEYS */;

-- Dumping structure for table demo-spring-boot.customer_order_detail
CREATE TABLE IF NOT EXISTS `customer_order_detail` (
  `id` bigint(20) NOT NULL AUTO_INCREMENT,
  `order_id` bigint(20) NOT NULL,
  `product_id` bigint(20) NOT NULL,
  `purchase_price` decimal(10,2) NOT NULL,
  `order_qty` int(11) NOT NULL,
  PRIMARY KEY (`id`),
  KEY `fk_order_detail_order_id` (`order_id`),
  KEY `fk_order_detail_product_id` (`product_id`),
  CONSTRAINT `fk_order_detail_order_id` FOREIGN KEY (`order_id`) REFERENCES `customer_order` (`id`),
  CONSTRAINT `fk_order_detail_product_id` FOREIGN KEY (`product_id`) REFERENCES `product` (`id`)
) ENGINE=InnoDB AUTO_INCREMENT=19 DEFAULT CHARSET=utf8;

-- Dumping data for table demo-spring-boot.customer_order_detail: ~4 rows (approximately)
/*!40000 ALTER TABLE `customer_order_detail` DISABLE KEYS */;
INSERT INTO `customer_order_detail` (`id`, `order_id`, `product_id`, `purchase_price`, `order_qty`) VALUES
	(15, 8, 5, 40000.00, 5),
	(16, 8, 11, 500.00, 5),
	(17, 9, 11, 500.00, 5),
	(18, 9, 5, 40000.00, 5);
/*!40000 ALTER TABLE `customer_order_detail` ENABLE KEYS */;

-- Dumping structure for table demo-spring-boot.district
CREATE TABLE IF NOT EXISTS `district` (
  `id` bigint(20) NOT NULL,
  `name` varchar(255) NOT NULL,
  PRIMARY KEY (`id`)
) ENGINE=InnoDB DEFAULT CHARSET=utf8;

-- Dumping data for table demo-spring-boot.district: ~75 rows (approximately)
/*!40000 ALTER TABLE `district` DISABLE KEYS */;
INSERT INTO `district` (`id`, `name`) VALUES
	(1, 'Taplejung'),
	(2, 'Panchthar'),
	(3, 'Ilam'),
	(4, 'Jhapa'),
	(5, 'Sankhuwasabha'),
	(6, 'Terhathum'),
	(7, 'Bhojpur'),
	(8, 'Dhankuta'),
	(9, 'Morang'),
	(10, 'Sunsari'),
	(11, 'Solukhumbu'),
	(12, 'Khotang'),
	(13, 'Okhaldhunga'),
	(14, 'Udayapur'),
	(15, 'Saptari'),
	(16, 'Siraha'),
	(17, 'Dolakha'),
	(18, 'Ramechhap'),
	(19, 'Sindhuli'),
	(20, 'Dhanusha'),
	(21, 'Mahottari'),
	(22, 'Sarlahi'),
	(23, 'Rasuwa'),
	(24, 'Dhading'),
	(25, 'Nuwakot'),
	(26, 'Kathmandu'),
	(27, 'Bhaktapur'),
	(28, 'Lalitpur'),
	(29, 'Kavrepalanchowk'),
	(30, 'Sindhupalchowk'),
	(31, 'Makwanpur'),
	(32, 'Rautahat'),
	(33, 'Bara'),
	(34, 'Parsa'),
	(35, 'Chitwan'),
	(36, 'Gorkha'),
	(37, 'Manang'),
	(38, 'Lamjung'),
	(39, 'Kaski'),
	(40, 'Tanahun'),
	(41, 'Syangja'),
	(42, 'Gulmi'),
	(43, 'Palpa'),
	(44, 'Arghakhanchi'),
	(45, 'Nawalparasi'),
	(46, 'Rupandehi'),
	(47, 'Kapilvastu'),
	(48, 'Mustang'),
	(49, 'Myagdi'),
	(50, 'Baglung'),
	(51, 'Parbat'),
	(52, 'Rukum'),
	(53, 'Rolpa'),
	(54, 'Pyuthan'),
	(55, 'Salyan'),
	(56, 'Dang'),
	(57, 'Dolpa'),
	(58, 'Mugu'),
	(59, 'Jumla'),
	(60, 'Kalikot'),
	(61, 'Humla'),
	(62, 'Jajarkot'),
	(63, 'Dailekh'),
	(64, 'Surkhet'),
	(65, 'Banke'),
	(66, 'Bardiya'),
	(67, 'Bajura'),
	(68, 'Achham'),
	(69, 'Bajhang'),
	(70, 'Doti'),
	(71, 'Kailali'),
	(72, 'Darchula'),
	(73, 'Baitadi'),
	(74, 'Dadeldhura'),
	(75, 'Kanchanpur');
/*!40000 ALTER TABLE `district` ENABLE KEYS */;

-- Dumping structure for table demo-spring-boot.municipality
CREATE TABLE IF NOT EXISTS `municipality` (
  `id` bigint(20) NOT NULL,
  `state_id` bigint(20) DEFAULT NULL,
  `district_id` bigint(20) DEFAULT NULL,
  `name` varchar(255) DEFAULT NULL,
  `municipality_type_id` bigint(20) DEFAULT NULL,
  `ward_count` int(11) DEFAULT NULL,
  PRIMARY KEY (`id`),
  KEY `fk_municipality_state_id` (`state_id`),
  KEY `fk_municipality_district_id` (`district_id`),
  KEY `fk_municipality_municipality_type_id` (`municipality_type_id`),
  CONSTRAINT `fk_municipality_district_id` FOREIGN KEY (`district_id`) REFERENCES `district` (`id`),
  CONSTRAINT `fk_municipality_municipality_type_id` FOREIGN KEY (`municipality_type_id`) REFERENCES `municipality_type` (`id`),
  CONSTRAINT `fk_municipality_state_id` FOREIGN KEY (`state_id`) REFERENCES `state` (`id`)
) ENGINE=InnoDB DEFAULT CHARSET=utf8;

-- Dumping data for table demo-spring-boot.municipality: ~744 rows (approximately)
/*!40000 ALTER TABLE `municipality` DISABLE KEYS */;
INSERT INTO `municipality` (`id`, `state_id`, `district_id`, `name`, `municipality_type_id`, `ward_count`) VALUES
	(1, 1, 1, 'Fungling', 1, 11),
	(2, 1, 1, 'Athrai Tribeni', 2, 5),
	(3, 1, 1, 'Sidingwa', 2, 7),
	(4, 1, 1, 'Faktanglung', 2, 7),
	(5, 1, 1, 'Mikhwakhola', 2, 5),
	(6, 1, 1, 'Meringden', 2, 6),
	(7, 1, 1, 'Maiwakhola', 2, 6),
	(8, 1, 1, 'Yangwarak', 2, 6),
	(9, 1, 1, 'Sirijunga', 2, 8),
	(10, 1, 2, 'Fidim', 1, 14),
	(11, 1, 2, 'Falelung', 2, 8),
	(12, 1, 2, 'Falgunanda', 2, 7),
	(13, 1, 2, 'Hilihang', 2, 7),
	(14, 1, 2, 'Kummayek', 2, 5),
	(15, 1, 2, 'Miklajung', 2, 8),
	(16, 1, 2, 'Tumwewa', 2, 5),
	(17, 1, 2, 'Yangwarak', 2, 6),
	(18, 1, 3, 'Illam', 1, 12),
	(19, 1, 3, 'Deumai', 1, 9),
	(20, 1, 3, 'Mai', 1, 10),
	(21, 1, 3, 'Suryodaya', 1, 14),
	(22, 1, 3, 'Fakfokthum', 2, 7),
	(23, 1, 3, 'Chulachuli', 2, 6),
	(24, 1, 3, 'Maijogmai', 2, 6),
	(25, 1, 3, 'Mangsebung', 2, 6),
	(26, 1, 3, 'Rong', 2, 6),
	(27, 1, 3, 'Sandakpur', 2, 5),
	(28, 1, 4, 'Mechinagar', 1, 15),
	(29, 1, 4, 'Damak', 1, 10),
	(30, 1, 4, 'Kankai', 1, 9),
	(31, 1, 4, 'Bhadrapur', 1, 10),
	(32, 1, 4, 'Arjundhara', 1, 11),
	(33, 1, 4, 'Shivasatakshi', 1, 11),
	(34, 1, 4, 'Gauradaha', 1, 9),
	(35, 1, 4, 'Birtamod', 1, 10),
	(36, 1, 4, 'Kamal', 2, 7),
	(37, 1, 4, 'Gaurigunj', 2, 6),
	(38, 1, 4, 'Barhadashi', 2, 7),
	(39, 1, 4, 'Jhapa', 2, 7),
	(40, 1, 4, 'Buddhasanti', 2, 7),
	(41, 1, 4, 'Haldibari', 2, 5),
	(42, 1, 4, 'Kachankawal', 2, 7),
	(43, 1, 5, 'Chainpur', 1, 11),
	(44, 1, 5, 'Dharmadevi', 1, 9),
	(45, 1, 5, 'Khaadbaari', 1, 11),
	(46, 1, 5, 'Madi', 1, 9),
	(47, 1, 5, 'Paanchkhapan', 1, 9),
	(48, 1, 5, 'Bhotkhola', 2, 5),
	(49, 1, 5, 'Chichila', 2, 5),
	(50, 1, 5, 'Makalu', 2, 6),
	(51, 1, 5, 'Sabhapokhari', 2, 6),
	(52, 1, 5, 'Silichong', 2, 5),
	(53, 1, 6, 'Myanglung', 1, 10),
	(54, 1, 6, 'Laligurans', 1, 9),
	(55, 1, 6, 'Athrai ', 2, 7),
	(56, 1, 6, 'Chhathar', 2, 6),
	(57, 1, 6, 'Fedaap', 2, 5),
	(58, 1, 6, 'Menchhayayem', 2, 6),
	(59, 1, 7, 'Bhojpur', 1, 12),
	(60, 1, 7, 'Sadananda', 1, 14),
	(61, 1, 7, 'Tyamkemaiyum', 2, 9),
	(62, 1, 7, 'Ramprasadrai', 2, 8),
	(63, 1, 7, 'Arun', 2, 7),
	(64, 1, 7, 'Pauwadungma', 2, 6),
	(65, 1, 7, 'Salpasilichho', 2, 6),
	(66, 1, 7, 'Aamchowk', 2, 10),
	(67, 1, 7, 'Hatuwagadhi', 2, 9),
	(68, 1, 8, 'Pakhribaas', 1, 10),
	(69, 1, 8, 'Dhankuta', 1, 10),
	(70, 1, 8, 'Mahalaxmi', 1, 9),
	(71, 1, 8, 'Sagurigadhi', 2, 10),
	(72, 1, 8, 'Khalsa Chhintang Sahidbhumi', 2, 7),
	(73, 1, 8, 'Chhathar Jorpati', 2, 6),
	(74, 1, 8, 'Chaubise', 2, 8),
	(75, 1, 9, 'Biratnagar', 3, 19),
	(76, 1, 9, 'Belbaari', 1, 11),
	(77, 1, 9, 'Letang', 1, 9),
	(78, 1, 9, 'Pathari Sanischare', 1, 10),
	(79, 1, 9, 'Rangeli', 1, 9),
	(80, 1, 9, 'Ratuwamai', 1, 10),
	(81, 1, 9, 'Sunawarsi', 1, 9),
	(82, 1, 9, 'Urlabaari', 1, 9),
	(83, 1, 9, 'Sundarharaincha', 1, 12),
	(84, 1, 9, 'Budhiganga', 2, 7),
	(85, 1, 9, 'Dhanpalthan', 2, 7),
	(86, 1, 9, 'Gramthan', 2, 7),
	(87, 1, 9, 'Jahada', 2, 7),
	(88, 1, 9, 'Kanepokhari', 2, 7),
	(89, 1, 9, 'Katahari', 2, 7),
	(90, 1, 9, 'Kerabaari', 2, 10),
	(91, 1, 9, 'Miklajung', 2, 9),
	(92, 1, 10, 'Itahari', 3, 20),
	(93, 1, 10, 'Dharan', 3, 20),
	(94, 1, 10, 'Inaruwa', 1, 10),
	(95, 1, 10, 'Duhabi', 1, 12),
	(96, 1, 10, 'Ramdhuni', 1, 9),
	(97, 1, 10, 'Barah', 1, 11),
	(98, 1, 10, 'Dewangunj', 2, 7),
	(99, 1, 10, 'Koshi', 2, 8),
	(100, 1, 10, 'Gadhi', 2, 6),
	(101, 1, 10, 'Barju', 2, 6),
	(102, 1, 10, 'Bhokraha', 2, 8),
	(103, 1, 10, 'Harinagara', 2, 7),
	(104, 1, 11, 'Solududhkunda', 1, 10),
	(105, 1, 11, 'Dudhkoshi', 2, 7),
	(106, 1, 11, 'Khumbu Pasang Lhamu', 2, 5),
	(107, 1, 11, 'Dudhkausika', 2, 9),
	(108, 1, 11, 'Nechasalyan', 2, 6),
	(109, 1, 11, 'Mahakulung', 2, 5),
	(110, 1, 11, 'Likhu Pike', 2, 5),
	(111, 1, 11, 'Sotang', 2, 5),
	(112, 1, 12, 'Halesituwachung', 1, 11),
	(113, 1, 12, 'Rupakot Majhuwagadhi', 1, 15),
	(114, 1, 12, 'Aiselukharka', 2, 7),
	(115, 1, 12, 'Lamidada', 2, 6),
	(116, 1, 12, 'Jantedhunga', 2, 6),
	(117, 1, 12, 'Khotehang', 2, 9),
	(118, 1, 12, 'Kepilasgadhi', 2, 7),
	(119, 1, 12, 'Diprung', 2, 7),
	(120, 1, 12, 'Sakela', 2, 5),
	(121, 1, 12, 'Barahpokhari', 2, 6),
	(122, 1, 13, 'Siddhicharan', 1, 12),
	(123, 1, 13, 'Khijidemwa', 2, 9),
	(124, 1, 13, 'Champadevi', 2, 10),
	(125, 1, 13, 'Chisankhugadhi', 2, 8),
	(126, 1, 13, 'Manebhanjyang', 2, 9),
	(127, 1, 13, 'Molung', 2, 8),
	(128, 1, 13, 'Likhu', 2, 9),
	(129, 1, 13, 'Sunkoshi', 2, 10),
	(130, 1, 14, 'Katari', 1, 14),
	(131, 1, 14, 'Chaudandagadhi', 1, 10),
	(132, 1, 14, 'Triyuga', 1, 16),
	(133, 1, 14, 'Belaka', 1, 9),
	(134, 1, 14, 'Udaypurgadhi', 2, 8),
	(135, 1, 14, 'Tapli', 2, 5),
	(136, 1, 14, 'Rautamai', 2, 8),
	(137, 1, 14, 'Sunkoshi', 2, 5),
	(138, 2, 32, 'Chandrapur', 1, 10),
	(139, 2, 32, 'Garuda', 1, 9),
	(140, 2, 32, 'Gaur', 1, 13),
	(141, 2, 32, 'Baudhimai', 2, 7),
	(142, 2, 32, 'Brindaban', 2, 8),
	(143, 2, 32, 'Dewahi Gonahi', 2, 7),
	(144, 2, 32, 'Durga Bhagwati', 2, 8),
	(145, 2, 32, 'Gadhimai', 2, 7),
	(146, 2, 32, 'Gujara', 2, 9),
	(147, 2, 32, 'Katahariya', 2, 9),
	(148, 2, 32, 'Madhav Narayan', 2, 9),
	(149, 2, 32, 'Maulapur', 2, 7),
	(150, 2, 32, 'Fatuwa Bijayapur', 2, 5),
	(151, 2, 32, 'Ishanath', 2, 9),
	(152, 2, 32, 'Paroha', 2, 8),
	(153, 2, 32, 'Rajpur', 2, 7),
	(154, 2, 33, 'Kalaiya', 1, 27),
	(155, 2, 33, 'Jitpursimara', 1, 23),
	(156, 2, 33, 'Kolhawi', 1, 11),
	(157, 2, 33, 'Nijgadh', 1, 13),
	(158, 2, 33, 'Mahagadimai', 1, 11),
	(159, 2, 33, 'Simraungadh', 1, 11),
	(160, 2, 33, 'Adarsha Kotwal', 2, 8),
	(161, 2, 33, 'Karaiyamai', 2, 8),
	(162, 2, 33, 'Devtaal', 2, 7),
	(163, 2, 33, 'Pachrauta', 2, 9),
	(164, 2, 33, 'Parwanipur', 2, 9),
	(165, 2, 33, 'Prasauni', 2, 7),
	(166, 2, 33, 'Pheta', 2, 8),
	(167, 2, 33, 'Baragadhi', 2, 6),
	(168, 2, 33, 'Subarna', 2, 8),
	(169, 2, 34, 'Birgunj', 3, 27),
	(170, 2, 34, 'Pokhariya', 1, 11),
	(171, 2, 34, 'Subarnapur', 2, 7),
	(172, 2, 34, 'Jagarnathpur', 2, 6),
	(173, 2, 34, 'Dhobini', 2, 5),
	(174, 2, 34, 'Chhipaharmai', 2, 5),
	(175, 2, 34, 'Pakaha Mainapur', 2, 5),
	(176, 2, 34, 'Bindabasini', 2, 5),
	(177, 2, 34, 'Bahudarmai', 2, 8),
	(178, 2, 34, 'Belawa', 2, 7),
	(179, 2, 34, 'Parsagadhi', 2, 6),
	(180, 2, 34, 'Sakhuwa Prasauni', 2, 6),
	(181, 2, 34, 'Paterwa Sugauli', 2, 7),
	(182, 2, 15, 'rajbiraj nagarpalika', 1, 15),
	(183, 2, 15, 'Kanchanrup', 1, 12),
	(184, 2, 15, 'Dakneshwori ', 1, 11),
	(185, 2, 15, 'Bodebarsain', 1, 16),
	(186, 2, 15, 'Khadak', 1, 11),
	(187, 2, 15, 'Sambhunath', 1, 11),
	(188, 2, 15, 'Surunga', 1, 11),
	(189, 2, 15, 'hanumannagar kankalini', 1, 14),
	(190, 2, 15, 'Krishna sabaran', 2, 5),
	(191, 2, 15, 'Chhinnamasta', 2, 8),
	(192, 2, 15, 'Mahadeva', 2, 6),
	(193, 2, 15, 'Saptakosi', 2, 11),
	(194, 2, 15, 'Tirahut', 2, 5),
	(195, 2, 15, 'Tilathi Koiladi', 2, 8),
	(196, 2, 15, 'Rupani', 2, 6),
	(197, 2, 15, 'Belhi Chapena', 2, 5),
	(198, 2, 15, 'Bishnupur', 2, 7),
	(199, 2, 20, 'Janakpur', 3, 24),
	(200, 2, 20, 'Chhireshwor ', 1, 11),
	(201, 2, 20, 'Ganeshman Charnath', 1, 11),
	(202, 2, 20, 'Dhanusadham', 1, 9),
	(203, 2, 20, 'Nagarain', 1, 10),
	(204, 2, 20, 'Videha', 1, 10),
	(205, 2, 20, 'Mithila', 1, 10),
	(206, 2, 20, 'Sahidnagar', 1, 9),
	(207, 2, 20, 'Sabaila', 1, 13),
	(208, 2, 20, 'Siddidatri', 2, 6),
	(209, 2, 20, 'Janaknandini', 2, 6),
	(210, 2, 20, 'Bateshwor', 2, 5),
	(211, 2, 20, 'Mithila Bihari', 2, 10),
	(212, 2, 20, 'Mukhiyapatti musaharmiya', 2, 6),
	(213, 2, 20, 'Laxminiya', 2, 7),
	(214, 2, 20, 'Hansapur', 2, 8),
	(215, 2, 20, 'Aurahi', 2, 8),
	(216, 2, 16, 'Lahan', 1, 24),
	(217, 2, 16, 'Dhangadimai', 1, 14),
	(218, 2, 16, 'Siraha', 1, 22),
	(219, 2, 16, 'Golbazar', 1, 13),
	(220, 2, 16, 'Mirchaiya', 1, 12),
	(221, 2, 16, 'Kalyanpur', 1, 12),
	(222, 2, 16, 'Bhagawanpur', 2, 5),
	(223, 2, 16, 'Aurahi', 2, 5),
	(224, 2, 16, 'Bishnupur', 2, 5),
	(225, 2, 16, 'Sukhipur', 2, 8),
	(226, 2, 16, 'Karjanha', 2, 7),
	(227, 2, 16, 'Bariyarpatti', 2, 5),
	(228, 2, 16, 'Laxmipur Patari', 2, 6),
	(229, 2, 16, 'Naraha', 2, 5),
	(230, 2, 16, 'Sakhuwanankarkatti', 2, 5),
	(231, 2, 16, 'Arnama', 2, 5),
	(232, 2, 16, 'Nawarajpur', 2, 5),
	(233, 2, 21, 'Jaleshwor', 1, 12),
	(234, 2, 21, 'Bardibas', 1, 13),
	(235, 2, 21, 'Gausala', 1, 12),
	(236, 2, 21, 'Ekdara', 2, 8),
	(237, 2, 21, 'Somana', 2, 8),
	(238, 2, 21, 'Samsi', 2, 7),
	(239, 2, 21, 'Loharpatti', 2, 8),
	(240, 2, 21, 'Ramgopalpur', 2, 6),
	(241, 2, 21, 'Mahottari', 2, 6),
	(242, 2, 21, 'Manara', 2, 8),
	(243, 2, 21, 'Matihani', 2, 6),
	(244, 2, 21, 'Bhanggaha', 2, 9),
	(245, 2, 21, 'Balawa', 2, 7),
	(246, 2, 21, 'Pipara', 2, 7),
	(247, 2, 21, 'Aurahi', 2, 7),
	(248, 2, 22, 'Ishworpur', 1, 15),
	(249, 2, 22, 'Lalbandi', 1, 17),
	(250, 2, 22, 'Haripur', 1, 10),
	(251, 2, 22, 'Haripurba', 1, 11),
	(252, 2, 22, 'Hariban', 1, 11),
	(253, 2, 22, 'Barahathawa', 1, 18),
	(254, 2, 22, 'Balara', 1, 12),
	(255, 2, 22, 'Godaita', 1, 11),
	(256, 2, 22, 'Malangwa', 1, 12),
	(257, 2, 22, 'Bagmati', 1, 10),
	(258, 2, 22, 'Kabilasi', 2, 8),
	(259, 2, 22, 'Chakraghatta ', 2, 13),
	(260, 2, 22, 'Chandranagar', 2, 7),
	(261, 2, 22, 'Dhankaul', 2, 9),
	(262, 2, 22, 'Bramhapuri', 2, 9),
	(263, 2, 22, 'Ramnagar', 2, 10),
	(264, 2, 22, 'Bishnu', 2, 12),
	(265, 3, 23, 'Uttargaya ', 2, 5),
	(266, 3, 23, 'Kalika', 2, 5),
	(267, 3, 23, 'Gosainkunda', 2, 6),
	(268, 3, 23, 'Naukunda', 2, 6),
	(269, 3, 23, 'Parbatikunda', 2, 5),
	(270, 3, 25, 'Bidur', 1, 13),
	(271, 3, 25, 'Belkotgadhi', 1, 13),
	(272, 3, 25, 'Kakani', 2, 8),
	(273, 3, 25, 'Kispang', 2, 5),
	(274, 3, 25, 'Tadigaun', 2, 6),
	(275, 3, 25, 'Tarkeshwor', 2, 6),
	(276, 3, 25, 'Dupcheshwor', 2, 7),
	(277, 3, 25, 'Panchakanya', 2, 5),
	(278, 3, 25, 'Likhu', 2, 6),
	(279, 3, 25, 'Meghang', 2, 6),
	(280, 3, 25, 'Shivapuri', 2, 8),
	(281, 3, 25, 'Suryegadhi', 2, 5),
	(282, 3, 26, 'Kathmandu', 4, 32),
	(283, 3, 26, 'Kageshwori Manohara', 1, 12),
	(284, 3, 26, 'Kirtipur', 1, 10),
	(285, 3, 26, 'Gokarneshwor', 1, 9),
	(286, 3, 26, 'Chandragiri', 1, 15),
	(287, 3, 26, 'Tokha', 1, 11),
	(288, 3, 26, 'Tarkeshwor', 1, 11),
	(289, 3, 26, 'Dakchinkali', 1, 9),
	(290, 3, 26, 'Nagarjun', 1, 10),
	(291, 3, 26, 'Budhanilkantha', 1, 13),
	(292, 3, 26, 'Shankharapur', 1, 9),
	(293, 3, 27, 'Changu Narayan', 1, 9),
	(294, 3, 27, 'Bhaktapur', 1, 10),
	(295, 3, 27, 'Madhyepur Thimi', 1, 9),
	(296, 3, 27, 'Suryebinayak', 1, 10),
	(297, 3, 30, 'Chautara Sangachowkgadhi', 1, 14),
	(298, 3, 30, 'Barabise', 1, 9),
	(299, 3, 30, 'Melamchi', 1, 13),
	(300, 3, 30, 'Indrabati', 2, 12),
	(301, 3, 30, 'Jugal', 2, 7),
	(302, 3, 30, 'Panchpokhari Thanpal', 2, 8),
	(303, 3, 30, 'Balephi', 2, 8),
	(304, 3, 30, 'Botekoshi', 2, 5),
	(305, 3, 30, 'Lisankhu Pakhar', 2, 7),
	(306, 3, 30, 'Sunkoshi', 2, 7),
	(307, 3, 30, 'Helambhu', 2, 7),
	(308, 3, 30, 'Tripurasundari', 2, 6),
	(309, 3, 18, 'Manthali', 1, 14),
	(310, 3, 18, 'Ramechhap', 1, 9),
	(311, 3, 18, 'Umakunda', 2, 7),
	(312, 3, 18, 'Khandadevi', 2, 9),
	(313, 3, 18, 'Gokulganga', 2, 6),
	(314, 3, 18, 'Doramba', 2, 7),
	(315, 3, 18, 'Likhu', 2, 7),
	(316, 3, 18, 'Sunapati', 2, 5),
	(317, 3, 19, 'Kamalamaai', 1, 14),
	(318, 3, 19, 'Dudhauli', 1, 14),
	(319, 3, 19, 'Golanjor', 2, 7),
	(320, 3, 19, 'Ghyankhel', 2, 5),
	(321, 3, 19, 'Tinpatan', 2, 11),
	(322, 3, 19, 'Fikkal', 2, 6),
	(323, 3, 19, 'Marin', 2, 8),
	(324, 3, 19, 'Sunkoshi', 2, 7),
	(325, 3, 19, 'Hariharpurgadhi', 2, 8),
	(326, 3, 29, 'Dhulikhel', 1, 12),
	(327, 3, 29, 'Banepa', 1, 14),
	(328, 3, 29, 'Panauti', 1, 12),
	(329, 3, 29, 'Panchkhaal', 1, 13),
	(330, 3, 29, 'Namobuddha', 1, 11),
	(331, 3, 29, 'Khanikhola', 2, 7),
	(332, 3, 29, 'Chaurideurali', 2, 9),
	(333, 3, 29, 'Temaal', 2, 9),
	(334, 3, 29, 'Bethanchowk', 2, 6),
	(335, 3, 29, 'Bhumlu', 2, 10),
	(336, 3, 29, 'Mandandeupur', 1, 12),
	(337, 3, 29, 'Mahabharat', 2, 8),
	(338, 3, 29, 'Roshi', 2, 12),
	(339, 3, 17, 'Jiri', 1, 9),
	(340, 3, 17, 'Bhimeshwor', 1, 9),
	(341, 3, 17, 'Kalinchowk', 2, 9),
	(342, 3, 17, 'Gaurishankar', 2, 9),
	(343, 3, 17, 'Tamakoshi', 2, 7),
	(344, 3, 17, 'Melung', 2, 7),
	(345, 3, 17, 'Bigu', 2, 8),
	(346, 3, 17, 'Baiteshwor', 2, 8),
	(347, 3, 17, 'Shailung', 2, 8),
	(348, 3, 28, 'Lalitpur', 4, 29),
	(349, 3, 28, 'Godawari', 1, 14),
	(350, 3, 28, 'Mahalaxmi', 1, 10),
	(351, 3, 28, 'Konjyosom', 2, 5),
	(352, 3, 28, 'Bagmati', 2, 7),
	(353, 3, 28, 'Mahankaal', 2, 6),
	(354, 3, 24, 'Dhunibenshi', 1, 9),
	(355, 3, 24, 'Nilkantha', 1, 14),
	(356, 3, 24, 'Khaniyabash', 2, 5),
	(357, 3, 24, 'Gajuri', 2, 8),
	(358, 3, 24, 'Galchi', 2, 8),
	(359, 3, 24, 'Gangajamuna', 2, 7),
	(360, 3, 24, 'Jwalamukhi', 2, 7),
	(361, 3, 24, 'Thakre', 2, 11),
	(362, 3, 24, 'Netrabati', 2, 5),
	(363, 3, 24, 'Benighat Rorang', 2, 10),
	(364, 3, 24, 'Rubi Valley', 3, 6),
	(365, 3, 24, 'Sidhlake', 2, 7),
	(366, 3, 24, 'Tripurasundari', 2, 7),
	(367, 3, 31, 'Hetauda', 3, 19),
	(368, 3, 31, 'Thaha', 1, 12),
	(369, 3, 31, 'Indrasarobar', 2, 5),
	(370, 3, 31, 'Kailash', 2, 10),
	(371, 3, 31, 'Bakaiya', 2, 12),
	(372, 3, 31, 'Bagmati', 2, 9),
	(373, 3, 31, 'Bhimfedi', 2, 9),
	(374, 3, 31, 'Makwanpurgadhi', 2, 8),
	(375, 3, 31, 'Manhari', 2, 9),
	(376, 3, 31, 'Raksirang', 2, 9),
	(377, 3, 35, 'Bharatpur', 4, 29),
	(378, 3, 35, 'Kalika', 1, 11),
	(379, 3, 35, 'Khairhani', 1, 13),
	(380, 3, 35, 'Madi', 1, 9),
	(381, 3, 35, 'Ratnanagar', 1, 16),
	(382, 3, 35, 'Rapti', 1, 13),
	(383, 3, 35, 'Echyakamana', 2, 7),
	(384, 4, 41, 'Galyang', 1, 11),
	(385, 4, 41, 'Chapkot', 1, 10),
	(386, 4, 41, 'Putalibazar', 1, 14),
	(387, 4, 41, 'Virkot', 1, 9),
	(388, 4, 41, 'Waling', 1, 14),
	(389, 4, 41, 'Arjunchaupari', 2, 6),
	(390, 4, 41, 'Aadhikhola', 2, 6),
	(391, 4, 41, 'Kaligandaki', 2, 7),
	(392, 4, 41, 'Fedikhola', 2, 5),
	(393, 4, 41, 'Biruwa', 2, 8),
	(394, 4, 41, 'Harinas', 2, 7),
	(395, 4, 39, 'Pokhara Lekhanath', 4, 33),
	(396, 4, 39, 'Annapurna', 2, 11),
	(397, 4, 39, 'Machhapuchhre', 2, 9),
	(398, 4, 39, 'Madi', 2, 12),
	(399, 4, 39, 'Rupa', 2, 7),
	(400, 4, 48, 'Gharpajhong', 2, 5),
	(401, 4, 48, 'Thasang', 2, 5),
	(402, 4, 48, 'Dalome', 2, 5),
	(403, 4, 48, 'Lomanthang', 2, 5),
	(404, 4, 48, 'Barhagaun Muktichhetra', 2, 5),
	(405, 4, 51, 'Kushma', 1, 14),
	(406, 4, 51, 'Phalewas', 1, 11),
	(407, 4, 51, 'Jaljala', 2, 9),
	(408, 4, 51, 'paiyu', 2, 7),
	(409, 4, 51, 'Mahashila', 2, 6),
	(410, 4, 51, 'Modi', 2, 8),
	(411, 4, 51, 'Bihadi', 2, 6),
	(412, 4, 37, 'Narfu', 2, 5),
	(413, 4, 37, 'Nashon', 2, 9),
	(414, 4, 37, 'Neshyang', 2, 9),
	(415, 4, 37, 'Chame', 2, 5),
	(416, 4, 40, 'Bhanu', 1, 13),
	(417, 4, 40, 'Bhimad', 1, 9),
	(418, 4, 40, 'Byas', 1, 14),
	(419, 4, 40, 'Shuklagandaki', 1, 12),
	(420, 4, 40, 'Ambukhaireni', 2, 6),
	(421, 4, 40, 'Rhishing', 2, 8),
	(422, 4, 40, 'Ghiring', 2, 5),
	(423, 4, 40, 'Devghat', 2, 5),
	(424, 4, 40, 'Myagdi', 2, 7),
	(425, 4, 40, 'Bandipur', 2, 6),
	(426, 4, 49, 'Beni', 1, 10),
	(427, 4, 49, 'Annapurna', 2, 8),
	(428, 4, 49, 'Dhaulagiri', 2, 7),
	(429, 4, 49, 'Mangala', 2, 5),
	(430, 4, 49, 'Malika', 2, 7),
	(431, 4, 49, 'Raghuganga', 2, 8),
	(432, 4, 50, 'Baglung', 1, 14),
	(433, 4, 50, 'Galkot', 1, 11),
	(434, 4, 50, 'Jaimini', 1, 10),
	(435, 4, 50, 'Dhorpatan', 1, 9),
	(436, 4, 50, 'Bareng', 2, 5),
	(437, 4, 50, 'Kathekhola', 2, 8),
	(438, 4, 50, 'Tamankhola', 2, 6),
	(439, 4, 50, 'Tarakhola', 2, 5),
	(440, 4, 50, 'Nisikhola', 2, 7),
	(441, 4, 50, 'Badigad', 2, 10),
	(442, 4, 36, 'Gorkha', 1, 14),
	(443, 4, 36, 'Palungtar', 1, 10),
	(444, 4, 36, 'Sulikot', 2, 8),
	(445, 4, 36, 'Siranchok', 2, 8),
	(446, 4, 36, 'Ajirkot', 2, 5),
	(447, 4, 36, 'Aarughat', 2, 10),
	(448, 4, 36, 'Gandaki', 2, 8),
	(449, 4, 36, 'Chumnubri', 2, 7),
	(450, 4, 36, 'Dharche', 2, 7),
	(451, 4, 36, 'Bhimsen', 2, 8),
	(452, 4, 36, 'Sahid Lakhan', 2, 9),
	(453, 4, 38, 'Beshi Sahar', 1, 11),
	(454, 4, 38, 'Madhya Nepal', 1, 10),
	(455, 4, 38, 'Rainas', 1, 10),
	(456, 4, 38, 'Sundar Bajar', 1, 11),
	(457, 4, 38, 'Kobholasothar', 2, 9),
	(458, 4, 38, 'Dudhpokhari', 2, 6),
	(459, 4, 38, 'Dordi', 2, 9),
	(460, 4, 38, 'Marsyandi', 2, 9),
	(461, 5, 46, 'Butwal', 3, 19),
	(462, 5, 46, 'Lumbini Saskritik', 1, 13),
	(463, 5, 46, 'Sidharthanager', 1, 13),
	(464, 5, 46, 'Sammarimai', 2, 7),
	(465, 5, 46, 'Debdaha', 1, 12),
	(466, 5, 46, 'Sainamaina', 1, 11),
	(467, 5, 46, 'Tilottma', 1, 17),
	(468, 5, 46, 'Siyari', 2, 7),
	(469, 5, 46, 'Gaidahawa', 2, 9),
	(470, 5, 46, 'Kanchan', 2, 5),
	(471, 5, 46, 'Kotahimai', 2, 7),
	(472, 5, 46, 'Marchawari', 2, 7),
	(473, 5, 46, 'Mayadevi', 2, 8),
	(474, 5, 46, 'Omsatiya', 2, 6),
	(475, 5, 46, 'Rohindi', 2, 7),
	(476, 5, 46, 'Suddodhan', 2, 7),
	(477, 5, 44, 'Sandhikharka', 1, 12),
	(478, 5, 44, 'Sitganga', 1, 14),
	(479, 5, 44, 'Bhumikasthan', 1, 10),
	(480, 5, 44, 'Chhatradev', 2, 8),
	(481, 5, 44, 'Pandini', 2, 8),
	(482, 5, 44, 'Malarani', 2, 9),
	(483, 5, 45, 'Kawasoti', 1, 17),
	(484, 5, 45, 'Gaindakot', 1, 18),
	(485, 5, 45, 'Devchuli', 1, 17),
	(486, 5, 45, 'Bardghat', 1, 16),
	(487, 5, 45, 'Madhyabindu', 1, 15),
	(488, 5, 45, 'Ramgram', 1, 18),
	(489, 5, 45, 'Sunwal', 1, 13),
	(490, 5, 45, 'Tribenisusta', 2, 7),
	(491, 5, 45, 'Palhinandan', 2, 6),
	(492, 5, 45, 'Pratappur', 2, 9),
	(493, 5, 45, 'Bungdikali', 2, 6),
	(494, 5, 45, 'Bulingtar', 2, 6),
	(495, 5, 45, 'Binaie', 2, 5),
	(496, 5, 45, 'Sarawal', 2, 7),
	(497, 5, 45, 'Hupsekot', 2, 6),
	(498, 5, 56, 'Tulsipur', 3, 19),
	(499, 5, 56, 'Ghorahi', 3, 19),
	(500, 5, 56, 'Lamahi', 1, 9),
	(501, 5, 56, 'Bangalichuli', 2, 8),
	(502, 5, 56, 'Dangisaran', 2, 7),
	(503, 5, 56, 'Gadhawa', 2, 8),
	(504, 5, 56, 'Rajpur', 2, 7),
	(505, 5, 56, 'Rapti', 2, 9),
	(506, 5, 56, 'Santinagar', 2, 7),
	(507, 5, 56, 'Babai', 2, 7),
	(508, 5, 55, 'Sarada', 1, 15),
	(509, 5, 55, 'Bagchaur', 1, 12),
	(510, 5, 55, 'Bangad', 1, 12),
	(511, 5, 55, 'Kalimati', 2, 7),
	(512, 5, 55, 'Tribeni', 2, 6),
	(513, 5, 55, 'Kapurkot', 2, 6),
	(514, 5, 55, 'Chhatreswori', 2, 7),
	(515, 5, 55, 'Dhorchaur', 2, 5),
	(516, 5, 55, 'Kumakhamalika', 2, 7),
	(517, 5, 55, 'Darma', 2, 6),
	(518, 5, 52, 'Musikot', 1, 14),
	(519, 5, 52, 'Chaurjahari', 1, 14),
	(520, 5, 52, 'Aathabiskot', 1, 14),
	(521, 5, 52, 'Putha Uttarganga', 2, 14),
	(522, 5, 52, 'Bhume', 2, 9),
	(523, 5, 52, 'Sisne', 2, 8),
	(524, 5, 52, 'Baphikot', 2, 10),
	(525, 5, 52, 'Tribeni ', 2, 10),
	(526, 5, 52, 'Sanibheri', 2, 11),
	(527, 5, 65, 'Nepalgunj', 3, 23),
	(528, 5, 65, 'Koholpur', 1, 15),
	(529, 5, 65, 'Narainapur', 2, 6),
	(530, 5, 65, 'Raptisonari', 2, 9),
	(531, 5, 65, 'Baijanath', 2, 8),
	(532, 5, 65, 'Khajura', 2, 8),
	(533, 5, 65, 'Duduwa', 2, 6),
	(534, 5, 65, 'Janaki', 2, 6),
	(535, 5, 53, 'Rolpa', 1, 10),
	(536, 5, 53, 'Tribeni', 2, 7),
	(537, 5, 53, 'Duikholi', 2, 6),
	(538, 5, 53, 'Madi', 2, 6),
	(539, 5, 53, 'Runtigadhi', 2, 9),
	(540, 5, 53, 'Lungri', 2, 7),
	(541, 5, 53, 'Sukidaha', 2, 7),
	(542, 5, 53, 'Sunchhahari', 2, 7),
	(543, 5, 53, 'Subarnawoti', 2, 8),
	(544, 5, 53, 'Thabang', 2, 5),
	(545, 5, 54, 'Pyuthan', 1, 10),
	(546, 5, 54, 'Sworgadwari', 1, 9),
	(547, 5, 54, 'Gaumukhi', 2, 7),
	(548, 5, 54, 'Mandabi', 2, 5),
	(549, 5, 54, 'Sarumarani', 2, 6),
	(550, 5, 54, 'Mallarani', 2, 5),
	(551, 5, 54, 'Naubahini', 2, 8),
	(552, 5, 54, 'Jhimruk', 2, 8),
	(553, 5, 54, 'Arawoti', 2, 6),
	(554, 5, 66, 'Gulariya', 1, 12),
	(555, 5, 66, 'Madhuban', 1, 9),
	(556, 5, 66, 'Rajapur', 1, 10),
	(557, 5, 66, 'Thakurbaba', 1, 9),
	(558, 5, 66, 'Bansgadhi', 1, 9),
	(559, 5, 66, 'Barbardiya', 1, 11),
	(560, 5, 66, 'Badhaiyatal', 2, 9),
	(561, 5, 66, 'Geruwa', 2, 6),
	(562, 5, 42, 'Musikot', 1, 9),
	(563, 5, 42, 'Resunga', 1, 14),
	(564, 5, 42, 'Ishma', 2, 6),
	(565, 5, 42, 'Kaligandaki', 2, 7),
	(566, 5, 42, 'Gulmidarbar', 2, 7),
	(567, 5, 42, 'Satyawoti', 2, 8),
	(568, 5, 42, 'Chandrakot', 2, 8),
	(569, 5, 42, 'Ruru', 2, 6),
	(570, 5, 42, 'Chhatrakot', 2, 6),
	(571, 5, 42, 'Dhurkot', 2, 7),
	(572, 5, 42, 'Madane', 2, 7),
	(573, 5, 42, 'Malika', 2, 8),
	(574, 5, 43, 'Rampur', 1, 10),
	(575, 5, 43, 'Tansen', 1, 14),
	(576, 5, 43, 'Nisdi', 2, 7),
	(577, 5, 43, 'Purbakhola', 2, 6),
	(578, 5, 43, 'Rambha', 2, 5),
	(579, 5, 43, 'Mathagadi', 2, 8),
	(580, 5, 43, 'Tinau', 2, 6),
	(581, 5, 43, 'Baganaskali', 2, 9),
	(582, 5, 43, 'Ribdikot', 2, 8),
	(583, 5, 43, 'Rainadevi Chhahara', 2, 8),
	(584, 5, 47, 'Kapilvastu', 1, 12),
	(585, 5, 47, 'Buddhabhumi', 1, 10),
	(586, 5, 47, 'Shivaraj', 1, 11),
	(587, 5, 47, 'Maharajgang', 1, 11),
	(588, 5, 47, 'Krishnanagar', 1, 12),
	(589, 5, 47, 'Bandganga', 1, 11),
	(590, 5, 47, 'Mayadevi', 2, 8),
	(591, 5, 47, 'Yesodhara', 2, 8),
	(592, 5, 47, 'Bijayanagar', 2, 7),
	(593, 5, 47, 'Suddhodhan', 2, 6),
	(594, 6, 61, 'Simkot', 1, 8),
	(595, 6, 61, 'Namkha', 2, 6),
	(596, 6, 61, 'kharpunath', 2, 5),
	(597, 6, 61, 'Surkegad', 2, 8),
	(598, 6, 61, 'Chankheli', 2, 6),
	(599, 6, 61, 'Adanchuli', 2, 6),
	(600, 6, 61, 'Tajakot', 2, 5),
	(601, 6, 58, 'Chhayanath', 1, 14),
	(602, 6, 58, 'Mugumkarmarog', 2, 9),
	(603, 6, 58, 'Soru', 2, 11),
	(604, 6, 58, 'Khatyang', 2, 11),
	(605, 6, 60, 'Khadachakra', 1, 11),
	(606, 6, 60, 'Raskot', 1, 9),
	(607, 6, 60, 'Tilagupha', 1, 11),
	(608, 6, 60, 'Pachaljharana', 2, 9),
	(609, 6, 60, 'Sanni tribeni', 2, 9),
	(610, 6, 60, 'Naraharinath', 2, 9),
	(611, 6, 60, 'Kalika', 2, 8),
	(612, 6, 60, 'Mahabai', 2, 7),
	(613, 6, 60, 'Palata', 2, 9),
	(614, 6, 59, 'Chandannath', 1, 10),
	(615, 6, 59, 'Kankasundari', 2, 8),
	(616, 6, 59, 'Sinja', 2, 6),
	(617, 6, 59, 'Hima', 2, 7),
	(618, 6, 59, 'Tila', 2, 9),
	(619, 6, 59, 'Guthichaur', 2, 5),
	(620, 6, 59, 'Tatopani', 2, 8),
	(621, 6, 59, 'Patarasi', 2, 7),
	(622, 6, 64, 'Birendra', 1, 16),
	(623, 6, 64, 'Bheriganga', 1, 13),
	(624, 6, 64, 'Gurbhakot', 1, 14),
	(625, 6, 64, 'Pabchapuri', 1, 11),
	(626, 6, 64, 'Lekbesi', 1, 10),
	(627, 6, 64, 'Chaukune', 2, 10),
	(628, 6, 64, 'Barahatal', 2, 10),
	(629, 6, 64, 'Chingad', 2, 6),
	(630, 6, 64, 'Simta ', 2, 9),
	(631, 6, 63, 'Narayan', 1, 11),
	(632, 6, 63, 'Dullu', 1, 13),
	(633, 6, 63, 'Chamunda Bindrasaini', 1, 9),
	(634, 6, 63, 'Aathbis', 1, 9),
	(635, 6, 63, 'Bhagawatimai', 2, 7),
	(636, 6, 63, 'Gurash', 2, 8),
	(637, 6, 63, 'Dungeshwar', 2, 6),
	(638, 6, 63, 'Naumule', 2, 8),
	(639, 6, 63, 'Mahabu', 2, 6),
	(640, 6, 63, 'Bhairabi', 2, 7),
	(641, 6, 63, 'Thatikadh', 2, 6),
	(642, 6, 57, 'Thuli veri', 1, 11),
	(643, 6, 57, 'Tripurasundari', 1, 11),
	(644, 6, 57, 'Dolpa buddha', 2, 6),
	(645, 6, 57, 'She phoksundo', 2, 9),
	(646, 6, 57, 'Jagdulla', 2, 6),
	(647, 6, 57, 'Mudkechula', 2, 9),
	(648, 6, 57, 'Kaike', 2, 7),
	(649, 6, 57, 'Chharka tangsong', 2, 6),
	(650, 6, 62, 'veri', 1, 13),
	(651, 6, 62, 'Chhedagad', 1, 13),
	(652, 6, 62, 'Tribeni nalgad ', 1, 13),
	(653, 6, 62, 'Kuse ', 2, 9),
	(654, 6, 62, 'Junichande', 2, 11),
	(655, 6, 62, 'Barekot', 2, 9),
	(656, 6, 62, 'Shibalaya', 2, 9),
	(657, 7, 73, 'Dashrathachanda', 1, 11),
	(658, 7, 73, 'Patan ', 1, 10),
	(659, 7, 73, 'Melauli ', 1, 9),
	(660, 7, 73, 'Purchaudi ', 1, 10),
	(661, 7, 73, 'Surnaya', 2, 8),
	(662, 7, 73, 'Sisag', 2, 9),
	(663, 7, 73, 'Shivanath', 2, 6),
	(664, 7, 73, 'Pancheshwar', 2, 6),
	(665, 7, 73, 'Dogdakedar', 2, 8),
	(666, 7, 73, 'Dilasaini', 2, 7),
	(667, 7, 74, 'Amargadhi ', 1, 11),
	(668, 7, 74, 'Parsuram ', 1, 12),
	(669, 7, 74, 'Aalital', 2, 8),
	(670, 7, 74, 'Bhageshwar', 2, 5),
	(671, 7, 74, 'nabadurga', 2, 5),
	(672, 7, 74, 'Ajayameru ', 2, 6),
	(673, 7, 74, 'Ganyapdhura', 2, 5),
	(674, 7, 75, 'bhimdatta', 1, 19),
	(675, 7, 75, 'Punarbas', 1, 11),
	(676, 7, 75, 'Bedkot ', 1, 10),
	(677, 7, 75, 'Mahakali', 1, 9),
	(678, 7, 75, 'Shuklaphata', 1, 12),
	(679, 7, 75, 'Belauri', 1, 10),
	(680, 7, 75, 'Krishnapur', 1, 9),
	(681, 7, 75, 'Beldandi', 2, 5),
	(682, 7, 75, 'Laljhadi', 2, 6),
	(683, 7, 71, 'Dhangadhi', 3, 19),
	(684, 7, 71, 'Tikapur ', 1, 9),
	(685, 7, 71, 'Ghodaghodi ', 1, 12),
	(686, 7, 71, 'Lamkichuha', 1, 10),
	(687, 7, 71, 'bhajani ', 1, 9),
	(688, 7, 71, 'Godawari', 1, 12),
	(689, 7, 71, 'Gauriganga', 1, 11),
	(690, 7, 71, 'Janaki', 2, 9),
	(691, 7, 71, 'Bardagoriya', 2, 6),
	(692, 7, 71, 'Mohanyal', 2, 7),
	(693, 7, 71, 'Kailari', 2, 9),
	(694, 7, 71, 'Joshipur ', 2, 7),
	(695, 7, 71, 'Chure', 2, 6),
	(696, 7, 70, 'Dipayal siladhi ', 1, 9),
	(697, 7, 70, 'Shikhar', 1, 11),
	(698, 7, 70, 'Purbichauki', 2, 7),
	(699, 7, 70, 'Badikedar', 2, 5),
	(700, 7, 70, 'Jorayal', 2, 6),
	(701, 7, 70, 'Sayal', 2, 6),
	(702, 7, 70, 'Aadarsh', 2, 7),
	(703, 7, 70, 'K.I.C', 2, 7),
	(704, 7, 70, 'Bogatan', 2, 7),
	(705, 7, 68, 'Mangalsen', 1, 14),
	(706, 7, 68, 'Kamalbajar', 1, 10),
	(707, 7, 68, 'Sanphebagar', 1, 14),
	(708, 7, 68, 'Panchadewal Binayak', 1, 9),
	(709, 7, 68, 'Chaurpati ', 2, 7),
	(710, 7, 68, 'Mellekh', 2, 8),
	(711, 7, 68, 'Bannigadi Jayagadh', 2, 6),
	(712, 7, 68, 'Ramaroshan', 2, 7),
	(713, 7, 68, 'Dhakari', 2, 8),
	(714, 7, 68, 'Turmakhad', 2, 8),
	(715, 7, 69, 'jayaprithvi', 1, 11),
	(716, 7, 69, 'Bungal', 1, 11),
	(717, 7, 69, 'Talkot', 2, 7),
	(718, 7, 69, 'Masta', 2, 7),
	(719, 7, 69, 'Khaptadchhanna', 2, 7),
	(720, 7, 69, 'Thalara', 2, 9),
	(721, 7, 69, 'Bitthadchir', 2, 9),
	(722, 7, 69, 'Surma ', 2, 5),
	(723, 7, 69, 'Chhabispathibhera', 2, 7),
	(724, 7, 69, 'Durgathali', 2, 7),
	(725, 7, 69, 'Kedarsyun', 2, 9),
	(726, 7, 69, 'Kanda', 2, 5),
	(727, 7, 67, 'Badimalika', 1, 9),
	(728, 7, 67, 'Tribeni', 1, 9),
	(729, 7, 67, 'Budhiganga', 1, 10),
	(730, 7, 67, 'Budhinanda', 1, 10),
	(731, 7, 67, 'Gaumun ', 2, 6),
	(732, 7, 67, 'Pandav', 2, 6),
	(733, 7, 67, 'Swamikartik', 2, 5),
	(734, 7, 67, 'Chhededaha', 2, 7),
	(735, 7, 67, 'Himali', 2, 7),
	(736, 7, 72, 'Mahakali', 1, 9),
	(737, 7, 72, 'Shailyashikar', 1, 9),
	(738, 7, 72, 'Malikarjun', 2, 8),
	(739, 7, 72, 'Apihimal', 2, 6),
	(740, 7, 72, 'Duhu ', 2, 5),
	(741, 7, 72, 'Naugad', 2, 6),
	(742, 7, 72, 'Marma', 2, 6),
	(743, 7, 72, 'Lekam', 2, 6),
	(744, 7, 72, 'Byash', 2, 6);
/*!40000 ALTER TABLE `municipality` ENABLE KEYS */;

-- Dumping structure for table demo-spring-boot.municipality_type
CREATE TABLE IF NOT EXISTS `municipality_type` (
  `id` bigint(20) NOT NULL,
  `name` varchar(50) NOT NULL,
  PRIMARY KEY (`id`)
) ENGINE=InnoDB DEFAULT CHARSET=utf8;

-- Dumping data for table demo-spring-boot.municipality_type: ~4 rows (approximately)
/*!40000 ALTER TABLE `municipality_type` DISABLE KEYS */;
INSERT INTO `municipality_type` (`id`, `name`) VALUES
	(1, 'Municipality'),
	(2, 'Rural Municipality'),
	(3, 'Sub-Metropolitan'),
	(4, 'Metropolitan');
/*!40000 ALTER TABLE `municipality_type` ENABLE KEYS */;

-- Dumping structure for table demo-spring-boot.product
CREATE TABLE IF NOT EXISTS `product` (
  `id` bigint(20) NOT NULL AUTO_INCREMENT,
  `product_name` varchar(100) DEFAULT NULL,
  `product_desc` varchar(500) DEFAULT NULL,
  `unit_price` decimal(10,2) DEFAULT NULL,
  `stock_qty` int(11) DEFAULT NULL,
  `in_stock` tinyint(1) DEFAULT 1,
  `available` tinyint(1) DEFAULT 1,
  `image_url` varchar(100) DEFAULT NULL,
  `product_category_id` bigint(20) DEFAULT NULL,
  PRIMARY KEY (`id`),
  KEY `fk_product_product_category_id` (`product_category_id`),
  CONSTRAINT `fk_product_product_category_id` FOREIGN KEY (`product_category_id`) REFERENCES `product_category` (`id`)
) ENGINE=InnoDB AUTO_INCREMENT=13 DEFAULT CHARSET=utf8 COMMENT='product details';

-- Dumping data for table demo-spring-boot.product: ~8 rows (approximately)
/*!40000 ALTER TABLE `product` DISABLE KEYS */;
INSERT INTO `product` (`id`, `product_name`, `product_desc`, `unit_price`, `stock_qty`, `in_stock`, `available`, `image_url`, `product_category_id`) VALUES
	(5, 'Lenovo G41', 'Platinum Business Grade Notebook', 40000.00, 10, 1, 1, NULL, 2),
	(6, 'A Tale of Two Cities', 'One of Charles Dickens\' literary masterpieces', 400.00, 25, 1, 1, 'cf06520b-0cb2-469c-b5a4-9b62a9af6516.jpg', 1),
	(7, 'A Christmas Carol', 'Classic Christmas book from Charles Dickens', 250.00, 20, 1, 1, '542ead1e-4e12-4e8b-b349-34ad8c294525.jpg', 1),
	(8, 'The Da Vinci Code', 'Bestseller by Robert Langdon based on the age old Holy Grail conspiracy', 1000.00, 20, 1, 1, 'c99d6d32-943a-4070-8d47-a8b3d9e80230.jpg', 1),
	(9, 'The Adventures of Tom Sawyer', 'All time children classic by Mark Twain', 400.00, 40, 1, 1, '79896489-48b8-4a86-86f9-eb101559cde6.jpg', 1),
	(10, 'Bible', 'Holy text of Christianity', 500.00, 30, 1, 1, 'a04f589a-c09f-4251-ba9c-e717eb77a8eb.jpg', 1),
	(11, 'Bhagwat Gita', 'The divine words of Lord Krishna as narrated to Arjun on the field of Mahabharat', 500.00, 50, 1, 1, '57a5fd4e-d4fd-4103-b0cf-c510d376761c.png', 1),
	(12, 'Dairy Milk', 'A very popular chocolate', 100.00, 50, 1, 1, '2584b384-23e2-42f0-8734-14af16fc045e.jpg', 14);
/*!40000 ALTER TABLE `product` ENABLE KEYS */;

-- Dumping structure for table demo-spring-boot.product_category
CREATE TABLE IF NOT EXISTS `product_category` (
  `id` bigint(20) NOT NULL AUTO_INCREMENT,
  `category_name` varchar(100) NOT NULL,
  `category_desc` varchar(500) NOT NULL,
  PRIMARY KEY (`id`)
) ENGINE=InnoDB AUTO_INCREMENT=15 DEFAULT CHARSET=utf8 COMMENT='product category';

-- Dumping data for table demo-spring-boot.product_category: ~5 rows (approximately)
/*!40000 ALTER TABLE `product_category` DISABLE KEYS */;
INSERT INTO `product_category` (`id`, `category_name`, `category_desc`) VALUES
	(1, 'Books', 'All Books will be listed under this category'),
	(2, 'Computers', 'All the computers: Servers, Desktops and Laptops'),
	(4, 'Boot', 'All types of boot'),
	(5, 'Shoes', 'Every variety of shoes'),
	(9, 'TV', 'All model television sets will be included here'),
	(14, 'Chocolate', 'Various Chocolates are listed in this section');
/*!40000 ALTER TABLE `product_category` ENABLE KEYS */;

-- Dumping structure for table demo-spring-boot.role
CREATE TABLE IF NOT EXISTS `role` (
  `id` bigint(20) NOT NULL AUTO_INCREMENT,
  `name` varchar(100) NOT NULL DEFAULT '0',
  `description` varchar(500) NOT NULL DEFAULT '0',
  PRIMARY KEY (`id`)
) ENGINE=InnoDB AUTO_INCREMENT=17 DEFAULT CHARSET=utf8;

-- Dumping data for table demo-spring-boot.role: ~16 rows (approximately)
/*!40000 ALTER TABLE `role` DISABLE KEYS */;
INSERT INTO `role` (`id`, `name`, `description`) VALUES
	(1, 'Role_List', 'Listing of all Roles'),
	(2, 'Role_Add', 'Addition of new roles'),
	(3, 'User_Add', 'Addition of new users'),
	(4, 'User_List', 'Listing of all Users'),
	(5, 'Product_Category_Add', 'Addition of new product category'),
	(6, 'Product_Category_List', 'Listing of all product categories'),
	(7, 'Product_Add', 'Addition of new product'),
	(8, 'Product_List', 'Listing of all products'),
	(9, 'User_Update', 'Update an existing user'),
	(10, 'User_Delete', 'Delete the selected User'),
	(11, 'Product_Category_Update', 'Update an existing Product Category'),
	(12, 'Product_Category_Delete', 'Delete the selected Product Category'),
	(13, 'Product_Update', 'Update an existing Product'),
	(14, 'Product_Delete', 'Delete the selected Product'),
	(15, 'Role_Update', 'Update an existing Role'),
	(16, 'Role_Delete', 'Delete the selected Role');
/*!40000 ALTER TABLE `role` ENABLE KEYS */;

-- Dumping structure for table demo-spring-boot.shopping_cart
CREATE TABLE IF NOT EXISTS `shopping_cart` (
  `id` bigint(20) NOT NULL AUTO_INCREMENT,
  `customer_id` bigint(20) NOT NULL,
  `product_id` bigint(20) NOT NULL,
  `quantity` int(11) NOT NULL,
  `cart_added_date` datetime DEFAULT NULL,
  PRIMARY KEY (`id`),
  KEY `fk_shopping_cart_customer_id` (`customer_id`),
  KEY `fk_shopping_cart_product_id` (`product_id`),
  CONSTRAINT `fk_shopping_cart_customer_id` FOREIGN KEY (`customer_id`) REFERENCES `customer` (`id`),
  CONSTRAINT `fk_shopping_cart_product_id` FOREIGN KEY (`product_id`) REFERENCES `product` (`id`)
) ENGINE=InnoDB AUTO_INCREMENT=19 DEFAULT CHARSET=utf8;

-- Dumping data for table demo-spring-boot.shopping_cart: ~3 rows (approximately)
/*!40000 ALTER TABLE `shopping_cart` DISABLE KEYS */;
INSERT INTO `shopping_cart` (`id`, `customer_id`, `product_id`, `quantity`, `cart_added_date`) VALUES
	(15, 5, 7, 1, '2018-02-12 07:59:33'),
	(16, 5, 12, 1, '2018-02-12 07:59:35'),
	(17, 5, 6, 1, '2018-02-12 07:59:40');
/*!40000 ALTER TABLE `shopping_cart` ENABLE KEYS */;

-- Dumping structure for table demo-spring-boot.state
CREATE TABLE IF NOT EXISTS `state` (
  `id` bigint(20) NOT NULL,
  `name` varchar(5) DEFAULT NULL,
  PRIMARY KEY (`id`)
) ENGINE=InnoDB DEFAULT CHARSET=utf8;

-- Dumping data for table demo-spring-boot.state: ~7 rows (approximately)
/*!40000 ALTER TABLE `state` DISABLE KEYS */;
INSERT INTO `state` (`id`, `name`) VALUES
	(1, '1'),
	(2, '2'),
	(3, '3'),
	(4, '4'),
	(5, '5'),
	(6, '6'),
	(7, '7');
/*!40000 ALTER TABLE `state` ENABLE KEYS */;

-- Dumping structure for table demo-spring-boot.user
CREATE TABLE IF NOT EXISTS `user` (
  `id` bigint(20) NOT NULL AUTO_INCREMENT,
  `email_id` varchar(100) NOT NULL,
  `password` varchar(128) NOT NULL,
  `user_type` enum('ADMIN','MANAGER','OPERATOR') NOT NULL,
  `name` varchar(50) NOT NULL,
  `contact_no` varchar(20) NOT NULL,
  `active` tinyint(1) NOT NULL DEFAULT 1,
  `password_token` char(36) DEFAULT NULL,
  PRIMARY KEY (`id`),
  UNIQUE KEY `email_id` (`email_id`)
) ENGINE=InnoDB AUTO_INCREMENT=9 DEFAULT CHARSET=utf8;

-- Dumping data for table demo-spring-boot.user: ~3 rows (approximately)
/*!40000 ALTER TABLE `user` DISABLE KEYS */;
INSERT INTO `user` (`id`, `email_id`, `password`, `user_type`, `name`, `contact_no`, `active`, `password_token`) VALUES
	(4, 'shagar.upadhyay@hotmail.com', '$2a$12$m0dCrY0Muh3oVK9pjhtB9uzlTEos0vvL81zx0kVyZY5XbCto.6wXq', 'ADMIN', 'Shagar Upadhyay', '9851136126', 1, '1'),
	(7, 'james.bond@mi6.co.uk', '$2a$12$alEtixmG10h1grFC3dFBueCj.1LNcwUCPh97P5yEfwA/wPQ9m7Mxe', 'ADMIN', 'James Bond', '9851007007', 1, '1'),
	(8, 'hanuman@ram.com', '$2a$12$tmBDT84GsALSav38SDXFzuUxSN/PQu.MzgW31x8VO5Gf5dSxlJlHq', 'ADMIN', 'Hanuman', '999', 1, '1');
/*!40000 ALTER TABLE `user` ENABLE KEYS */;

-- Dumping structure for table demo-spring-boot.user_role
CREATE TABLE IF NOT EXISTS `user_role` (
  `user_id` bigint(20) NOT NULL,
  `role_id` bigint(20) NOT NULL,
  KEY `fk_user_role_user_id` (`user_id`),
  KEY `fk_user_role_role_id` (`role_id`),
  CONSTRAINT `fk_user_role_role_id` FOREIGN KEY (`role_id`) REFERENCES `role` (`id`),
  CONSTRAINT `fk_user_role_user_id` FOREIGN KEY (`user_id`) REFERENCES `user` (`id`)
) ENGINE=InnoDB DEFAULT CHARSET=utf8;

-- Dumping data for table demo-spring-boot.user_role: ~20 rows (approximately)
/*!40000 ALTER TABLE `user_role` DISABLE KEYS */;
INSERT INTO `user_role` (`user_id`, `role_id`) VALUES
	(8, 7),
	(8, 8),
	(7, 7),
	(7, 5),
	(4, 2),
	(4, 10),
	(4, 11),
	(4, 16),
	(4, 13),
	(4, 4),
	(4, 7),
	(4, 8),
	(4, 6),
	(4, 3),
	(4, 9),
	(4, 14),
	(4, 1),
	(4, 5),
	(4, 12),
	(4, 15);
/*!40000 ALTER TABLE `user_role` ENABLE KEYS */;

-- Dumping structure for table demo-spring-boot.wish_list
CREATE TABLE IF NOT EXISTS `wish_list` (
  `id` bigint(20) NOT NULL AUTO_INCREMENT,
  `customer_id` bigint(20) NOT NULL,
  `product_id` bigint(20) NOT NULL,
  `wishlist_added_price` decimal(10,2) DEFAULT NULL,
  `wishlist_added_date` datetime DEFAULT NULL,
  PRIMARY KEY (`id`),
  KEY `fk_wishlist_customer_id` (`customer_id`),
  KEY `fk_wishlist_product_id` (`product_id`),
  CONSTRAINT `fk_wishlist_customer_id` FOREIGN KEY (`customer_id`) REFERENCES `customer` (`id`),
  CONSTRAINT `fk_wishlist_product_id` FOREIGN KEY (`product_id`) REFERENCES `product` (`id`)
) ENGINE=InnoDB AUTO_INCREMENT=7 DEFAULT CHARSET=utf8;

-- Dumping data for table demo-spring-boot.wish_list: ~2 rows (approximately)
/*!40000 ALTER TABLE `wish_list` DISABLE KEYS */;
INSERT INTO `wish_list` (`id`, `customer_id`, `product_id`, `wishlist_added_price`, `wishlist_added_date`) VALUES
	(5, 5, 5, 40000.00, '2018-02-12 07:59:38'),
	(6, 5, 11, 500.00, '2018-02-12 07:59:42');
/*!40000 ALTER TABLE `wish_list` ENABLE KEYS */;

/*!40101 SET SQL_MODE=IFNULL(@OLD_SQL_MODE, '') */;
/*!40014 SET FOREIGN_KEY_CHECKS=IF(@OLD_FOREIGN_KEY_CHECKS IS NULL, 1, @OLD_FOREIGN_KEY_CHECKS) */;
/*!40101 SET CHARACTER_SET_CLIENT=@OLD_CHARACTER_SET_CLIENT */;
